fraktion,redner_id,vorname,nachname,anzahl_reden,wortanzahl_gesamt
AfD,11004678,Stephan,Brandner,69,30305
AfD,11004731,Kay,Gottschalk,25,19326
AfD,11004721,Markus,Frohnmaier,29,15579
AfD,11004695,Tino,Chrupalla,10,15439
AfD,11004711,Michael,Espendiller,18,14637
AfD,11004933,Wolfgang,Wiehle,23,13715
AfD,11004930,Alice,Weidel,10,13257
AfD,11004669,Marc,Bernhard,29,13249
AfD,11004892,Martin,Sichert,25,11809
AfD,11004722,Götz,Frömming,26,11808
AfD,11004873,Ulrike,Schielke-Ziesing,13,11616
AfD,11005561,Ruben,Rupp,16,10995
AfD,11004905,Beatrix,von Storch,26,10414
AfD,11004698,Gottfried,Curio,17,9988
AfD,11004662,Bernd,Baumann,16,9908
AfD,11005521,Sebastian,Maack,19,9529
AfD,11005613,Alexander,Wolf,16,9261
AfD,11005203,Bernd,Schattner,15,9232
AfD,11004778,Stefan,Keuter,14,9232
AfD,11004792,Rainer,Kraft,36,9226
AfD,11004791,Steffen,Kotré,20,8996
AfD,11005468,Ronald,Gläser,13,8896
AfD,11005091,Gerrit,Huy,14,8609
AfD,11004752,Karsten,Hilse,19,8544
AfD,11004936,Christian,Wirth,13,8516
AfD,11005415,Birgit,Bessin,18,8412
AfD,11005479,Mirco,Hanker,12,8375
AfD,11004761,Leif-Erik,Holm,17,8346
AfD,11005549,Arne,Raue,14,8115
AfD,11004859,Martin,Reichardt,33,8043
AfD,11005516,Thomas,Ladzinski,9,7724
AfD,11005515,Anna,Rathert,16,7721
AfD,11004788,Jörn,König,17,7675
AfD,11004858,Stephan,Protschka,15,7518
AfD,11004749,Martin,Hess,14,7307
AfD,11004787,Enrico,Komning,14,7170
AfD,11005423,Peter,Bohnhof,13,6877
AfD,11005476,Ingo,Hahn,16,6832
AfD,11005408,Adam,Balten,24,6814
AfD,11005483,Nicole,Hess,15,6765
AfD,11004850,Tobias Matthias,Peterka,11,6720
AfD,11005418,Christoph,Birghan,17,6631
AfD,11004846,Gerold,Otten,11,6489
AfD,11005092,Steffen,Janich,14,6422
AfD,11005455,Jan,Feser,11,6369
AfD,11005615,Christian,Zaum,13,6326
AfD,11005529,Sergej,Minich,11,6215
AfD,11005618,Diana,Zimmer,13,6200
AfD,11005014,Carolin,Bachmann,16,6104
AfD,11005569,Julian,Schmidt,11,6053
AfD,11004753,Nicole,Höchst,13,6006
AfD,11005100,Michael,Kaufmann,13,5965
AfD,11005456,Thomas,Fetsch,13,5919
AfD,11005099,Malte,Kaufmann,16,5904
AfD,11005499,Maximilian,Kneller,19,5883
AfD,11004807,Rüdiger,Lucassen,17,5857
AfD,11005577,Georg,Schroeter,11,5667
AfD,11005442,Christian,Douglas,10,5601
AfD,11005621,Ulrich,von Zons,13,5504
AfD,11005520,Sascha,Lensing,11,5417
AfD,11005443,Christopher,Drößler,13,5411
AfD,11005586,Otto,Strauß,17,5410
AfD,11005462,Rainer,Galla,13,5400
AfD,11004767,Fabian,Jacobi,9,5296
AfD,11005446,Tobias,Ebenberger,12,5248
AfD,11005029,Gereon,Bollmann,10,5218
AfD,11005532,Stefan,Möller,8,5124
AfD,11004900,René,Springer,8,5031
AfD,11005404,Alexander,Arpaschi,11,4961
AfD,11005469,Hans-Jürgen,Goßner,16,4954
AfD,11005585,Thomas,Stephan,12,4934
AfD,11005458,Hauke,Finger,13,4931
AfD,11005031,Dirk,Brandes,12,4925
AfD,11004687,Marcus,Bühl,9,4771
AfD,11005607,Mathias,Weiser,10,4756
AfD,11005513,Manuel,Krauthausen,8,4715
AfD,11005572,Paul,Schmidt,17,4694
AfD,11005497,Rocco,Kever,12,4434
AfD,11005540,Andreas,Paul,11,4414
AfD,11005305,Rainer,Rothfuß,9,4322
AfD,11004674,Andreas,Bleck,9,4317
AfD,11005473,Rainer,Groß,8,4269
AfD,11005493,Robin,Jünger,7,4183
AfD,11005535,Iris,Nieland,12,3971
AfD,11005498,Kurt,Kleinschmidt,8,3888
AfD,11004836,Sebastian,Münzenmaier,5,3795
AfD,11005503,Jürgen,Koegel,6,3780
AfD,11005548,Marcel,Queckemeyer,9,3735
AfD,11004675,Peter,Boehringer,8,3693
AfD,11005419,Joachim,Bloch,10,3427
AfD,11005547,Kerstin,Przygodda,10,3425
AfD,11005564,Raimond,Scheirich,7,3418
AfD,11005523,Markus,Matzerath,7,3401
AfD,11005616,Daniel,Zerbin,9,3389
AfD,11004842,Jan Ralf,Nolte,5,3362
AfD,11005018,Christina,Baum,11,3327
AfD,11005478,Lars,Haise,11,3319
AfD,11005026,René,Bochmann,8,3120
AfD,11005429,Torben,Braga,5,3118
AfD,11005531,Reinhard,Mixl,7,3071
AfD,11005591,Robert,Teske,6,3034
AfD,11005528,Knuth,Meyer-Soltau,8,2996
AfD,11005576,Stefan,Schröder,7,2986
AfD,11004862,Martin Erwin,Renner,5,2887
AfD,11005608,Claudia,Weiss,7,2846
AfD,11004739,Jochen,Haug,6,2806
AfD,11005550,Christian,Reck,7,2756
AfD,11005619,Jörg,Zirwes,7,2714
AfD,11005210,Jan Wenzel,Schmidt,6,2673
AfD,11005066,Hannes,Gnauck,4,2643
AfD,11005079,Matthias,Helferich,8,2546
AfD,11005541,Denis,Pauli,7,2495
AfD,11005486,Olaf,Hilmer,6,2436
AfD,11005517,Pierre,Lamely,8,2359
AfD,11005578,Bernd,Schuhmann,7,2317
AfD,11005420,Michael,Blos,7,2255
AfD,11004743,Udo Theodor,Hemmelgarn,4,2224
AfD,11005596,Bastian,Treuheit,5,2176
AfD,11005042,Thomas,Dietz,4,2169
AfD,11005502,Heinrich,Koch,6,2155
AfD,11005509,Thomas,Korell,5,2141
AfD,11005566,Lars,Schieske,4,2140
AfD,11005496,Martina,Kempf,4,1991
AfD,11004714,Peter,Felser,4,1979
AfD,11004724,Alexander,Gauland,3,1853
AfD,11005609,Sven,Wendorf,4,1837
AfD,11005412,Carsten,Becker,4,1832
AfD,11005315,Manfred,Schiller,4,1800
AfD,11005526,Danny,Meiners,4,1760
AfD,11005512,Maximilian,Krah,2,1618
AfD,11005565,Volker,Scheurell,4,1600
AfD,11005522,Johann,Martel,5,1540
AfD,11005472,Christoph,Grimm,3,1352
AfD,11005480,Stefan,Henze,3,1295
AfD,11004888,Uwe,Schulz,2,1143
AfD,11005265,Kay-Uwe,Ziegler,5,1075
AfD,11005552,Lukas,Rehm,2,1000
AfD,11005454,Micha,Fehre,4,950
AfD,11005581,Dario,Seifert,4,942
AfD,11005597,Martina,Uhr,2,941
AfD,11005524,Andreas,Mayer,3,923
AfD,11005504,Achim,Köhler,3,914
AfD,11005590,Tobias,Teich,2,757
AfD,11005157,Matthias,Moosdorf,1,706
AfD,11005555,Matthias,Rentzsch,2,621
AfD,11005433,Erhard,Brucker,1,591
AfD,11005166,Edgar,Naujok,1,569
AfD,11005622,Alexis L.,Giersch,3,553
AfD,11005567,Carina,Schießl,1,342
AfD,11005559,Angela,Rudzka,1,341
BÜNDNIS 90/­DIE GRÜNEN,11005180,Paula,Piechotta,25,17388
BÜNDNIS 90/­DIE GRÜNEN,11005019,Katharina,Beck,22,13080
BÜNDNIS 90/­DIE GRÜNEN,11004263,Katharina,Dröge,9,13011
BÜNDNIS 90/­DIE GRÜNEN,11004969,Marcel,Emmerich,26,12905
BÜNDNIS 90/­DIE GRÜNEN,11005011,Andreas,Audretsch,21,12871
BÜNDNIS 90/­DIE GRÜNEN,11005047,Leon,Eckert,26,12689
BÜNDNIS 90/­DIE GRÜNEN,11004243,Luise,Amtsberg,21,12203
BÜNDNIS 90/­DIE GRÜNEN,11005121,Ricarda,Lang,17,10799
BÜNDNIS 90/­DIE GRÜNEN,11004353,Irene,Mihalic,25,10485
BÜNDNIS 90/­DIE GRÜNEN,11005200,Jamila,Schäfer,17,10384
BÜNDNIS 90/­DIE GRÜNEN,11005228,Till,Steffen,15,9443
BÜNDNIS 90/­DIE GRÜNEN,11005155,Boris,Mijatović,16,9385
BÜNDNIS 90/­DIE GRÜNEN,11004106,Agnieszka,Brugger,18,9295
BÜNDNIS 90/­DIE GRÜNEN,11004429,Julia,Verlinden,23,9236
BÜNDNIS 90/­DIE GRÜNEN,11005102,Michael,Kellner,20,9158
BÜNDNIS 90/­DIE GRÜNEN,11005132,Helge,Limburg,20,9097
BÜNDNIS 90/­DIE GRÜNEN,11005242,Katrin,Uhlig,15,8400
BÜNDNIS 90/­DIE GRÜNEN,11005246,Robin,Wagener,22,8355
BÜNDNIS 90/­DIE GRÜNEN,11005070,Armin,Grau,22,8234
BÜNDNIS 90/­DIE GRÜNEN,11003764,Britta,Haßelmann,9,7906
BÜNDNIS 90/­DIE GRÜNEN,11005440,Jeanne,Dillschneider,15,7423
BÜNDNIS 90/­DIE GRÜNEN,11005095,Lamya,Kaddor,15,7294
BÜNDNIS 90/­DIE GRÜNEN,11004659,Lisa,Badum,21,7217
BÜNDNIS 90/­DIE GRÜNEN,11005134,Max,Lucks,17,6955
BÜNDNIS 90/­DIE GRÜNEN,11005201,Sebastian,Schäfer,15,6866
BÜNDNIS 90/­DIE GRÜNEN,11005474,Lena,Gumnior,14,6701
BÜNDNIS 90/­DIE GRÜNEN,11005039,Sandra,Detzer,16,6658
BÜNDNIS 90/­DIE GRÜNEN,11004127,Lisa,Paus,12,6567
BÜNDNIS 90/­DIE GRÜNEN,11005445,Timon,Dzienus,14,6449
BÜNDNIS 90/­DIE GRÜNEN,11004123,Konstantin,von Notz,15,6381
BÜNDNIS 90/­DIE GRÜNEN,11005065,Jan-Niclas,Gesenhues,18,6361
BÜNDNIS 90/­DIE GRÜNEN,11005164,Sara,Nanni,14,6051
BÜNDNIS 90/­DIE GRÜNEN,11003132,Katrin,Göring-Eckardt,10,5999
BÜNDNIS 90/­DIE GRÜNEN,11004830,Claudia,Müller,10,5996
BÜNDNIS 90/­DIE GRÜNEN,11004395,Ulle,Schauws,16,5906
BÜNDNIS 90/­DIE GRÜNEN,11005492,Julian,Joswig,13,5880
BÜNDNIS 90/­DIE GRÜNEN,11005584,Sandra,Stein,12,5854
BÜNDNIS 90/­DIE GRÜNEN,11005145,Zoe,Mayer,17,5846
BÜNDNIS 90/­DIE GRÜNEN,11005104,Misbah,Khan,11,5751
BÜNDNIS 90/­DIE GRÜNEN,11005172,Karoline,Otte,18,5691
BÜNDNIS 90/­DIE GRÜNEN,11004857,Filiz,Polat,15,5581
BÜNDNIS 90/­DIE GRÜNEN,11004962,Janosch,Dahmen,25,5578
BÜNDNIS 90/­DIE GRÜNEN,11005556,Sylvia,Rietenberg,15,5557
BÜNDNIS 90/­DIE GRÜNEN,11005162,Sascha,Müller,11,5527
BÜNDNIS 90/­DIE GRÜNEN,11005059,Schahina,Gambir,17,5502
BÜNDNIS 90/­DIE GRÜNEN,11005045,Deborah,Düring,15,5304
BÜNDNIS 90/­DIE GRÜNEN,11005187,Anja,Reinalter,15,5288
BÜNDNIS 90/­DIE GRÜNEN,11003585,Anna,Lührmann,11,5082
BÜNDNIS 90/­DIE GRÜNEN,11005519,Rebecca,Lenhard,11,5059
BÜNDNIS 90/­DIE GRÜNEN,11004877,Stefan,Schmidt,12,4996
BÜNDNIS 90/­DIE GRÜNEN,11004215,Harald,Ebner,11,4951
BÜNDNIS 90/­DIE GRÜNEN,11005401,Alaa,Alhamwi,15,4951
BÜNDNIS 90/­DIE GRÜNEN,11005230,Hanna,Steinmüller,14,4891
BÜNDNIS 90/­DIE GRÜNEN,11005573,Julia,Schneider,10,4696
BÜNDNIS 90/­DIE GRÜNEN,11004278,Matthias,Gastel,10,4535
BÜNDNIS 90/­DIE GRÜNEN,11005459,Simone,Fischer,11,4503
BÜNDNIS 90/­DIE GRÜNEN,11005022,Lukas,Benner,10,4424
BÜNDNIS 90/­DIE GRÜNEN,11005016,Felix,Banaszak,6,4292
BÜNDNIS 90/­DIE GRÜNEN,11005245,Niklas,Wagener,12,4119
BÜNDNIS 90/­DIE GRÜNEN,11005405,Ayse,Asar,14,4038
BÜNDNIS 90/­DIE GRÜNEN,11005017,Karl,Bär,13,3889
BÜNDNIS 90/­DIE GRÜNEN,11003212,Claudia,Roth,12,3708
BÜNDNIS 90/­DIE GRÜNEN,11005167,Ophelia,Nick,9,3484
BÜNDNIS 90/­DIE GRÜNEN,11005248,Johannes,Wagner,19,3289
BÜNDNIS 90/­DIE GRÜNEN,11005402,Tarek,Al-Wazir,11,3227
BÜNDNIS 90/­DIE GRÜNEN,11005078,Linda,Heitmann,10,3181
BÜNDNIS 90/­DIE GRÜNEN,11005432,Victoria,Broßart,8,3174
BÜNDNIS 90/­DIE GRÜNEN,11005224,Nyke,Slawik,9,3148
BÜNDNIS 90/­DIE GRÜNEN,11005111,Chantal,Kopf,10,3050
BÜNDNIS 90/­DIE GRÜNEN,11005212,Marlene,Schönberger,9,2820
BÜNDNIS 90/­DIE GRÜNEN,11005484,Moritz,Heuberger,6,2810
BÜNDNIS 90/­DIE GRÜNEN,11004390,Corinna,Rüffer,5,2797
BÜNDNIS 90/­DIE GRÜNEN,11005152,Swantje Henrike,Michaelsen,9,2765
BÜNDNIS 90/­DIE GRÜNEN,11005197,Kassem,Taher Saleh,9,2555
BÜNDNIS 90/­DIE GRÜNEN,11003881,Omid,Nouripour,5,2519
BÜNDNIS 90/­DIE GRÜNEN,11004255,Franziska,Brantner,6,2463
BÜNDNIS 90/­DIE GRÜNEN,11004801,Sven,Lehmann,4,2451
BÜNDNIS 90/­DIE GRÜNEN,11005237,Awet,Tesfaiesus,8,2334
BÜNDNIS 90/­DIE GRÜNEN,11005259,Tina,Winklmann,4,2196
BÜNDNIS 90/­DIE GRÜNEN,11005133,Denise,Loop,6,2176
BÜNDNIS 90/­DIE GRÜNEN,11004773,Kirsten,Kappert-Gonther,10,2168
BÜNDNIS 90/­DIE GRÜNEN,11005624,Andrea,Lübcke,5,2080
BÜNDNIS 90/­DIE GRÜNEN,11005626,Mayra,Vriesema,6,1418
BÜNDNIS 90/­DIE GRÜNEN,11004245,Annalena,Baerbock,1,1290
BÜNDNIS 90/­DIE GRÜNEN,11002720,Steffi,Lemke,2,1196
BÜNDNIS 90/­DIE GRÜNEN,11003772,Anton,Hofreiter,1,507
CDU/CSU,11002735,Friedrich,Merz,79,42563
CDU/CSU,11003516,Alexander,Dobrindt,90,23369
CDU/CSU,11004182,Johann David,Wadephul,95,22630
CDU/CSU,11005510,Konrad,Körner,40,22426
CDU/CSU,11003638,Jens,Spahn,11,21503
CDU/CSU,11005261,Mechthilde,Wittmann,24,19781
CDU/CSU,11005257,Klaus,Wiener,32,19629
CDU/CSU,11004437,Nina,Warken,82,19159
CDU/CSU,11004050,Jürgen,Hardt,28,18474
CDU/CSU,11003589,Stephan,Mayer,21,17858
CDU/CSU,11004100,Jan-Marco,Luczak,16,17714
CDU/CSU,11004146,Patrick,Schnieder,72,14120
CDU/CSU,11005190,Lars,Rohwer,26,13886
CDU/CSU,11005533,Christian,Moser,28,13600
CDU/CSU,11003586,Dorothee,Bär,39,13551
CDU/CSU,11004384,Alois,Rainer,60,13491
CDU/CSU,11005507,Hans,Koller,25,12883
CDU/CSU,11005441,Florian,Dorn,17,12357
CDU/CSU,11004285,Fritz,Güntzler,15,12318
CDU/CSU,11004339,Andreas,Lenz,23,12248
CDU/CSU,11004779,Michael,Kießling,18,11719
CDU/CSU,11005605,Siegfried,Walch,19,11599
CDU/CSU,11005602,Johannes,Volkmann,24,11350
CDU/CSU,11004304,Alexander,Hoffmann,11,11278
CDU/CSU,11002765,Norbert,Röttgen,13,10630
CDU/CSU,11004004,Peter,Aumer,18,10565
CDU/CSU,11004152,Detlef,Seif,14,10149
CDU/CSU,11004917,Alexander,Throm,16,10124
CDU/CSU,11003815,Carsten,Müller,13,10100
CDU/CSU,11005406,Tijen,Ataoğlu,15,10010
CDU/CSU,11005477,Heiko,Hain,21,9911
CDU/CSU,11005069,Inge,Gräßle,12,9642
CDU/CSU,11005118,Tilman,Kuban,22,9411
CDU/CSU,11005068,Fabian,Gramling,14,9129
CDU/CSU,11005030,Simone,Borchardt,16,8576
CDU/CSU,11003636,Thomas,Silberhorn,18,8576
CDU/CSU,11004744,Marc,Henrichmann,15,8568
CDU/CSU,11005563,Carl-Philipp,Sassenrath,16,8504
CDU/CSU,11005400,Anna,Aeikens,16,8359
CDU/CSU,11005465,Wilhelm,Gebhard,16,8349
CDU/CSU,11005138,Klaus,Mack,17,8306
CDU/CSU,11004366,Florian,Oßner,13,8243
CDU/CSU,11004832,Sepp,Müller,15,8162
CDU/CSU,11005106,Ottilie,Klein,18,8146
CDU/CSU,11005444,Hülya,Düber,16,8115
CDU/CSU,11005485,Matthias,Hiller,15,7902
CDU/CSU,11004709,Thomas,Erndl,17,7834
CDU/CSU,11005551,Pascal,Reddig,12,7816
CDU/CSU,11005182,Martin,Plum,15,7630
CDU/CSU,11005495,Nicklas,Kappe,12,7359
CDU/CSU,11005258,Tobias,Winkler,13,7278
CDU/CSU,11004954,Saskia,Ludwig,11,7199
CDU/CSU,11004110,Mathias,Middelberg,9,7148
CDU/CSU,11004829,Axel,Müller,13,7023
CDU/CSU,11004286,Christian,Haase,10,6995
CDU/CSU,11005471,David,Gregosz,14,6984
CDU/CSU,11004440,Anja,Weisgerber,17,6840
CDU/CSU,11005048,Ralph,Edelhäußer,18,6790
CDU/CSU,11004276,Thorsten,Frei,51,6776
CDU/CSU,11005085,Susanne,Hierl,16,6755
CDU/CSU,11005582,Nora,Seitz,16,6619
CDU/CSU,11005266,Nicolas,Zippelius,13,6528
CDU/CSU,11005487,Philip M. A.,Hoffmann,15,6514
CDU/CSU,11003574,Günter,Krings,8,6504
CDU/CSU,11005447,Joachim,Ebmeyer,11,6331
CDU/CSU,11003780,Andreas,Jung,7,6229
CDU/CSU,11004038,Thomas,Gebhart,13,6217
CDU/CSU,11005514,Lukas,Krieger,16,6213
CDU/CSU,11005160,Florian,Müller,10,6205
CDU/CSU,11004415,Albert,Stegemann,10,6190
CDU/CSU,11005436,Sandra,Carstensen,13,6020
CDU/CSU,11004048,Florian,Hahn,6,5973
CDU/CSU,11004262,Michael,Donth,16,5885
CDU/CSU,11004617,Ronja,Kemmer,10,5799
CDU/CSU,11004418,Johannes,Steiniger,8,5729
CDU/CSU,11005481,Diana,Herbstreuth,13,5582
CDU/CSU,11005439,Ellen,Demuth,11,5567
CDU/CSU,11004443,Kai,Whittaker,11,5561
CDU/CSU,11004108,Andreas,Mattfeldt,5,5541
CDU/CSU,11005435,Benedikt,Büdenbender,7,5538
CDU/CSU,11005035,Yannick,Bury,8,5516
CDU/CSU,11005407,Cornell-Anette,Babendererde,13,5514
CDU/CSU,11004853,Stephan,Pilsinger,12,5470
CDU/CSU,11004305,Hendrik,Hoppenstedt,8,5376
CDU/CSU,11005579,Marvin,Schulz,11,5369
CDU/CSU,11003706,Artur,Auernhammer,10,5295
CDU/CSU,11005571,Sebastian,Schmidt,11,5273
CDU/CSU,11005536,Florian,Oest,12,5177
CDU/CSU,11005063,Jonas,Geissler,9,5149
CDU/CSU,11004056,Ansgar,Heveling,9,5136
CDU/CSU,11005254,Maria-Lena,Weiss,9,5094
CDU/CSU,11004383,Alexander,Radwan,10,4957
CDU/CSU,11005587,Katja,Strauss-Köster,10,4932
CDU/CSU,11005593,Hans,Theiss,15,4926
CDU/CSU,11004169,Stephan,Stracke,12,4798
CDU/CSU,11005110,Anne,König,8,4794
CDU/CSU,11005546,David,Preisendanz,10,4780
CDU/CSU,11004021,Ralph,Brinkhaus,6,4778
CDU/CSU,11005244,Oliver,Vogt,6,4762
CDU/CSU,11005050,Alexander,Engelhard,11,4670
CDU/CSU,11003734,Thomas,Bareiß,6,4604
CDU/CSU,11004264,Hansjörg,Durz,8,4543
CDU/CSU,11005425,Caroline,Bosbach,7,4495
CDU/CSU,11005545,Oliver,Pöpsel,9,4444
CDU/CSU,11004010,Peter,Beyer,9,4341
CDU/CSU,11005410,Günter,Baumgartner,10,4331
CDU/CSU,11005146,Volker,Mayer-Lay,11,4315
CDU/CSU,11005002,Knut,Abraham,10,4173
CDU/CSU,11004271,Uwe,Feiler,5,4157
CDU/CSU,11004845,Josef,Oster,8,4139
CDU/CSU,11004365,Wilfried,Oellers,9,4076
CDU/CSU,11004298,Mark,Helfrich,11,4019
CDU/CSU,11004854,Christoph,Ploß,5,4005
CDU/CSU,11002754,Thomas,Rachel,8,4001
CDU/CSU,11005185,Markus,Reichel,10,3983
CDU/CSU,11005235,Christina,Stumpp,9,3979
CDU/CSU,11004417,Sebastian,Steineke,7,3973
CDU/CSU,11004673,Marc,Biadacz,8,3915
CDU/CSU,11004241,Stephan,Albani,10,3897
CDU/CSU,11005087,Franziska,Hoppermann,5,3887
CDU/CSU,11004414,Wolfgang,Stefinger,9,3883
CDU/CSU,11004452,Emmi,Zeulner,5,3758
CDU/CSU,11005428,Frederik,Bouffier,8,3697
CDU/CSU,11005610,Johannes,Wiegelmann,6,3680
CDU/CSU,11004924,Kerstin,Vieregge,9,3599
CDU/CSU,11005449,Lars,Ehm,7,3598
CDU/CSU,11004893,Björn,Simon,8,3465
CDU/CSU,11004098,Carsten,Linnemann,7,3382
CDU/CSU,11005475,Georg,Günther,5,3325
CDU/CSU,11005205,Christiane,Schenderlein,6,3293
CDU/CSU,11005612,Johannes,Winkel,7,3272
CDU/CSU,11005488,Michael,Hose,6,3219
CDU/CSU,11003264,Klaus-Peter,Willsch,4,3186
CDU/CSU,11004068,Roderich,Kiesewetter,5,3071
CDU/CSU,11004034,Michael,Frieser,7,3030
CDU/CSU,11004684,Carsten,Brodesser,8,2996
CDU/CSU,11005592,Roland,Theis,6,2956
CDU/CSU,11005620,Vanessa,Zobel,6,2924
CDU/CSU,11005413,Sascha,van Beek,6,2893
CDU/CSU,11005570,Henri,Schmidt,6,2888
CDU/CSU,11003544,Olav,Gutting,5,2801
CDU/CSU,11004926,Christoph,de Vries,6,2794
CDU/CSU,11004670,Melanie,Bernstein,5,2775
CDU/CSU,11005491,Alexander,Jordan,6,2745
CDU/CSU,11005506,Daniel,Kölbl,6,2734
CDU/CSU,11004061,Thomas,Jarzombek,3,2679
CDU/CSU,11003865,Elisabeth,Winkelmeier-Becker,5,2664
CDU/CSU,11004011,Steffen,Bilger,7,2649
CDU/CSU,11005470,Adrian,Grasse,7,2576
CDU/CSU,11003613,Daniela,Ludwig,5,2576
CDU/CSU,11004332,Carsten,Körber,4,2561
CDU/CSU,11005093,Anne,Janssen,6,2559
CDU/CSU,11005163,Stefan,Nacke,5,2521
CDU/CSU,11005508,Stefan,Korbach,6,2513
CDU/CSU,11005451,Bastian,Ernst,5,2476
CDU/CSU,11005438,Wolfgang,Dahler,6,2434
CDU/CSU,11005623,Reza,Asghari,6,2419
CDU/CSU,11005417,Florian,Bilic,5,2348
CDU/CSU,11005542,Thomas,Pauls,4,2325
CDU/CSU,11004656,Philipp,Amthor,3,2288
CDU/CSU,11005072,Serap,Güler,2,2269
CDU/CSU,11004655,Norbert Maria,Altenkamp,5,2263
CDU/CSU,11003742,Michael,Brand,4,2210
CDU/CSU,11005198,Catarina,dos Santos-Wintz,5,2200
CDU/CSU,11004073,Axel,Knoerig,3,2183
CDU/CSU,11005193,Thomas,Röwekamp,3,2118
CDU/CSU,11004352,Jan,Metzler,4,2083
CDU/CSU,11003573,Gunther,Krichbaum,4,1980
CDU/CSU,11005589,Vivian,Tauschwitz,3,1883
CDU/CSU,11005431,Lutz,Brinkmann,5,1858
CDU/CSU,11004323,Anja,Karliczek,3,1835
CDU/CSU,11005422,Leif Erik,Bodin,4,1802
CDU/CSU,11005461,Christoph,Frauenpreiß,4,1787
CDU/CSU,11005588,Hendrik,Streeck,4,1749
CDU/CSU,11003514,Gitta,Connemann,3,1683
CDU/CSU,11004800,Jens,Lehmann,3,1681
CDU/CSU,11004382,Kerstin,Radomski,3,1658
CDU/CSU,11005537,Harald,Orthey,6,1575
CDU/CSU,11002718,Armin,Laschet,2,1483
CDU/CSU,11005184,Henning,Rehbaum,6,1424
CDU/CSU,11004182,Johann,Wadephul,1,1355
CDU/CSU,11004425,Astrid,Timmermann-Fechter,3,1293
CDU/CSU,11005033,Marlon,Bröhr,4,1258
CDU/CSU,11004901,Katrin,Staffler,3,1183
CDU/CSU,11004938,Paul,Ziemiak,3,1084
CDU/CSU,11004331,Markus,Koob,1,1017
CDU/CSU,11005544,Jan-Wilhelm,Pohlmann,3,960
CDU/CSU,11003620,Albert,Rupprecht,1,902
CDU/CSU,11005557,Johannes,Rothenberger,3,830
CDU/CSU,11004269,Hermann,Färber,2,828
CDU/CSU,11004087,Ulrich,Lange,2,819
CDU/CSU,11003566,Julia,Klöckner,2,725
CDU/CSU,11004681,Silvia,Breher,1,701
CDU/CSU,11004052,Mechthild,Heil,1,681
CDU/CSU,11004883,Felix,Schreiner,1,639
CDU/CSU,11004327,Georg,Kippels,1,542
CDU/CSU,11003890,Christian,Hirte,1,539
CDU/CSU,11004336,Silke,Launert,1,474
CDU/CSU,11004168,Dieter,Stier,1,420
CDU/CSU,11004018,Reinhard,Brandl,3,387
CDU/CSU,11003821,Henning,Otte,1,21
CDU/CSU,11004342,Andrea,Lindholz,1,16
Die Linke,11005289,Clara,Bünger,33,17446
Die Linke,11005186,Heidi,Reichinnek,17,16833
Die Linke,11005580,Ines,Schwerdtner,17,13278
Die Linke,11004848,Sören,Pellmann,18,12419
Die Linke,11003034,Dietmar,Bartsch,16,12346
Die Linke,11005067,Christian,Görke,27,12058
Die Linke,11005604,Sascha,Wagner,26,11764
Die Linke,11005511,Jan,Köstering,24,11674
Die Linke,11005518,Sonja,Lemke,18,10704
Die Linke,11005260,Janine,Wissler,19,9947
Die Linke,11005525,Tamara,Mazzi,18,8899
Die Linke,11004819,Pascal,Meiser,26,8445
Die Linke,11005482,Mareike,Hermeier,19,8174
Die Linke,11005073,Ates,Gürpinar,23,8042
Die Linke,11005501,Ferat,Koçak,17,7364
Die Linke,11004693,Jörg,Cezanne,19,7329
Die Linke,11005453,Fabian,Fahl,15,7188
Die Linke,11005539,Luigi,Pantisano,18,6811
Die Linke,11004041,Nicole,Gohlke,17,6680
Die Linke,11005601,Donata,Vogtschmidt,12,6597
Die Linke,11004088,Caren,Lay,15,6377
Die Linke,11004651,Doris,Achelwilm,17,6155
Die Linke,11005411,Desiree,Becker,20,6112
Die Linke,11005538,Cansu,Özdemir,14,5843
Die Linke,11005568,David,Schliesing,13,5670
Die Linke,11005421,Violetta,Bock,14,5669
Die Linke,11005464,Kathrin,Gebel,13,5572
Die Linke,11005466,Katalin,Gennburg,13,5564
Die Linke,11005594,Ulrich,Thoden,17,5540
Die Linke,11005123,Ina,Latendorf,16,5233
Die Linke,11005437,Agnes,Conrad,15,5216
Die Linke,11005450,Mandy,Eißing,15,4882
Die Linke,11005489,Luke,Hoß,11,4754
Die Linke,11005603,Sarah,Vollath,12,4748
Die Linke,11005426,Jorrit,Bosch,7,4704
Die Linke,11005554,Lea,Reisner,11,4624
Die Linke,11004672,Lorenz Gösta,Beutin,15,4604
Die Linke,11005599,Isabelle,Vandre,10,4595
Die Linke,11005448,Mirze,Edis,13,4573
Die Linke,11005409,Marcel,Bauer,12,4480
Die Linke,11005434,Maik,Brückner,14,4251
Die Linke,11004653,Gökay,Akbulut,10,4119
Die Linke,11005430,Anne-Mieke,Bremer,8,3783
Die Linke,11005534,Charlotte Antonia,Neuhäuser,11,3580
Die Linke,11005598,Aaron,Valent,10,3561
Die Linke,11005625,Lisa,Schubert,7,3282
Die Linke,11005457,Katrin,Fey,13,3245
Die Linke,11005583,Julia-Christina,Stange,14,3227
Die Linke,11005467,Vinzenz,Glaser,8,3083
Die Linke,11005494,Maren,Kaminski,11,3035
Die Linke,11005505,Cansin,Köktürk,7,2958
Die Linke,11004001,Jan,van Aken,5,2914
Die Linke,11005611,Christin,Willnat,8,2703
Die Linke,11005617,Anne,Zerr,9,2592
Die Linke,11000756,Gregor,Gysi,4,2556
Die Linke,11005530,Sahra,Mirow,6,2539
Die Linke,11005490,Cem,Ince,8,2484
Die Linke,11005575,Evelyn,Schötz,6,2045
Die Linke,11005427,Janina,Böttger,5,1409
Die Linke,11005562,Zada,Salihović,3,1127
Die Linke,11005527,Stella,Merendino,2,1015
Die Linke,11003824,Bodo,Ramelow,2,525
Die Linke,11005534,Charlotte,Neuhäuser,1,374
SPD,11003715,Lars,Klingbeil,83,35608
SPD,11004802,Helge,Lindh,34,20653
SPD,11003218,Carsten,Schneider,75,20008
SPD,11005543,Boris,Pistorius,81,19705
SPD,11005056,Sebastian,Fiedler,29,18021
SPD,11005229,Ralf,Stegner,24,13908
SPD,11005038,Hakan,Demir,29,13484
SPD,11005115,Dunja,Kreiser,28,13341
SPD,11005251,Carmen,Wegge,27,12902
SPD,11005077,Frauke,Heiligenstadt,27,12830
SPD,11005165,Rasha,Nasr,27,12619
SPD,11004396,Nina,Scheer,19,12556
SPD,11005089,Verena,Hubertz,64,11651
SPD,11004006,Bärbel,Bas,43,11452
SPD,11005267,Armand,Zorn,18,11414
SPD,11005005,Adis,Ahmetovic,19,11281
SPD,11005191,Sebastian,Roloff,26,11207
SPD,11004826,Siemtje,Möller,17,11189
SPD,11005043,Felix,Döring,26,10879
SPD,11005143,Parsa,Marvi,21,10809
SPD,11005140,Holger,Mann,19,10807
SPD,11005558,Philipp,Rottwilm,20,10672
SPD,11004368,Mahmut,Özdemir,18,10498
SPD,11005006,Reem,Alabali Radovan,35,10482
SPD,11005025,Jakob,Blankenburg,19,10465
SPD,11004710,Wiebke,Esdar,18,10444
SPD,11005049,Sonja,Eichwede,19,9972
SPD,11005036,Isabel,Cademartori,20,9394
SPD,11005600,Ingo,Vogel,16,9364
SPD,11005131,Esra,Limbacher,21,9307
SPD,11005105,Helmut,Kleebank,14,8739
SPD,11003809,Matthias,Miersch,8,8454
SPD,11005194,Thorsten,Rudolph,16,8417
SPD,11004444,Dirk,Wiese,18,8351
SPD,11005247,Carolin,Wagner,18,8290
SPD,11004270,Johannes,Fechner,14,7662
SPD,11005015,Daniel,Baldy,12,7617
SPD,11005103,Franziska,Kersten,18,7525
SPD,11005174,Christos,Pantazis,19,7344
SPD,11005221,Lina,Seitzl,14,7252
SPD,11004392,Bernd,Rützel,15,7134
SPD,11005041,Jan,Dieren,12,7092
SPD,11004381,Martin,Rabanus,15,7062
SPD,11005249,Maja,Wallstein,13,7059
SPD,11004701,Esther,Dilcher,10,6962
SPD,11005240,Anja,Troff-Schaffarzyk,12,6814
SPD,11005416,Daniel,Bettermann,10,6692
SPD,11005208,Christoph,Schmid,17,6536
SPD,11005424,Hendrik,Bollmann,14,6460
SPD,11005204,Johannes,Schätzl,15,6381
SPD,11004949,Isabel,Mackensen-Geis,11,6370
SPD,11005088,Jasmina,Hostert,20,6218
SPD,11005553,Truels,Reichardt,12,6133
SPD,11005241,Derya,Türk-Nachbaur,13,6017
SPD,11004614,Angelika,Glöckner,14,5987
SPD,11004881,Johannes,Schraps,13,5864
SPD,11003758,Martin,Gerster,10,5801
SPD,11004424,Michael,Thews,11,5307
SPD,11004401,Dagmar,Schmidt,9,5271
SPD,11005044,Falko,Droßmann,12,5247
SPD,11005606,Daniel,Walter,8,5192
SPD,11004412,Svenja,Stadler,9,5082
SPD,11005178,Jens,Peick,9,5001
SPD,11005000,Sanae,Abdi,13,4963
SPD,11005217 999990074,SvenjaSvenja,SchulzeSchulze,9,4919
SPD,11005137,Tanja,Machalet,10,4883
SPD,11005300,Daniel,Rinkert,9,4759
SPD,11005108,Annika,Klose,9,4758
SPD,11004825,Claudia,Moll,13,4618
SPD,11004639,Jürgen,Coße,9,4445
SPD,11005414,Jens,Behrens,8,4423
SPD,11004296,Gabriela,Heinrich,10,4269
SPD,11005560,Daniela,Rump,10,4208
SPD,11003545,Bettina,Hagedorn,7,4203
SPD,11005614,Serdar,Yüksel,8,3828
SPD,11005236,Ruppert,Stüwe,8,3773
SPD,11005153,Kathrin,Michel,8,3715
SPD,11003142,Hubertus,Heil,6,3658
SPD,11004317,Frank,Junge,6,3615
SPD,11004878,Uwe,Schmidt,4,3570
SPD,11005452,Nancy,Faeser,9,3453
SPD,11005084,Nadine,Heselhaus,8,3308
SPD,11004257,Lars,Castellucci,6,3262
SPD,11005154,Matthias David,Mieves,7,3133
SPD,11004063,Oliver,Kaczmarek,5,3043
SPD,11004407,Andreas,Schwarz,4,3025
SPD,11005006,Reem,Alabali-Radovan,18,2898
SPD,11004261,Sabine,Dittmar,8,2897
SPD,11004921,Markus,Töns,6,2696
SPD,11004289,Metin,Hakverdi,5,2659
SPD,11005314,Heike,Heubach,9,2655
SPD,11004267,Saskia,Esken,6,2592
SPD,11004771,Elisabeth,Kaiser,5,2581
SPD,11005135,Bettina,Lugk,4,2507
SPD,11005116,Martin,Kröber,4,2442
SPD,11004876,Nils,Schmid,5,2291
SPD,11004124,Aydan,Özoğuz,5,2238
SPD,11004942,Marja-Liisa,Völlers,5,2065
SPD,11003847,Rita,Schwarzelühr-Sutter,2,1727
SPD,11005109,Tim,Klüssendorf,2,1623
SPD,11005177,Natalie,Pawlik,3,1577
SPD,11004844,Josephine,Ortleb,5,1495
SPD,11004453,Stefan,Zierke,2,1112
SPD,11003797,Karl,Lauterbach,2,987
SPD,11004884,Michael,Schrodi,2,969
SPD,11004291,Sebastian,Hartmann,2,949
SPD,11003804,Katja,Mast,3,931
SPD,11003496,Sören,Bartol,2,789
SPD,11003846,Frank,Schwabe,2,774
SPD,11005096,Macit,Karaahmetoğlu,2,741
SPD,11003162,Anette,Kramme,2,694
SPD,11003440,Kerstin,Griese,2,686
SPD,11004433,Dirk,Vöpel,1,505
SPD,11004150,Stefan,Schwartze,1,349
